,VoltageApplied,VoltageInput,Velocity,time
0,0.0,15.074999809265137,0.2978515625,0.04
1,0.0,15.074999809265137,0.2978515625,0.060000000000000005
2,0.25,15.074999809265137,0.2978515625,0.08
3,0.3400000035762787,15.074999809265137,0.2978515625,0.09999999999999999
4,0.4099999964237213,15.074999809265137,0.2978515625,0.11999999999999998
5,0.47999998927116394,15.074999809265137,0.2978515625,0.13999999999999999
6,0.550000011920929,15.074999809265137,0.2978515625,0.16
7,0.5799999833106995,15.074999809265137,0.298095703125,0.18000000000000002
8,0.6899999976158142,15.074999809265137,0.298583984375,0.20000000000000004
9,0.7699999809265137,15.074999809265137,0.299072265625,0.22000000000000006
10,0.8399999737739563,15.074999809265137,0.2998046875,0.24000000000000007
11,0.9200000166893005,15.074999809265137,0.30078125,0.26000000000000006
12,0.9900000095367432,15.074999809265137,0.302001953125,0.2800000000000001
13,1.0700000524520874,15.074999809265137,0.30322265625,0.3000000000000001
14,1.090000033378601,14.75,0.304443359375,0.3200000000000001
15,1.2000000476837158,14.75,0.3056640625,0.34000000000000014
16,1.2799999713897705,14.75,0.30712890625,0.36000000000000015
17,1.350000023841858,14.75,0.308837890625,0.38000000000000017
18,1.4199999570846558,14.75,0.310546875,0.4000000000000002
19,1.4600000381469727,14.75,0.312255859375,0.4200000000000002
20,1.4600000381469727,14.75,0.314208984375,0.4400000000000002
21,1.4600000381469727,14.75,0.316162109375,0.46000000000000024
22,1.4600000381469727,14.75,0.318115234375,0.48000000000000026
23,1.4700000286102295,14.75,0.3203125,0.5000000000000002
24,1.4700000286102295,14.75,0.32275390625,0.5200000000000002
25,1.4700000286102295,14.75,0.324951171875,0.5400000000000003
26,1.4700000286102295,14.75,0.326904296875,0.5600000000000003
27,1.4600000381469727,14.725000381469727,0.3291015625,0.5800000000000003
28,1.4600000381469727,14.725000381469727,0.3310546875,0.6000000000000003
29,1.4600000381469727,14.725000381469727,0.3330078125,0.6200000000000003
30,1.4600000381469727,14.725000381469727,0.335205078125,0.6400000000000003
31,1.4600000381469727,14.725000381469727,0.33740234375,0.6600000000000004
32,1.4600000381469727,14.725000381469727,0.33935546875,0.6800000000000004
33,1.4600000381469727,14.725000381469727,0.341552734375,0.7000000000000004
34,1.4600000381469727,14.725000381469727,0.343505859375,0.7200000000000004
35,1.4700000286102295,14.725000381469727,0.345703125,0.7400000000000004
36,1.4700000286102295,14.725000381469727,0.34814453125,0.7600000000000005
37,1.4600000381469727,14.725000381469727,0.35009765625,0.7800000000000005
38,1.4600000381469727,14.725000381469727,0.351806640625,0.8000000000000005
39,1.4600000381469727,14.675000190734863,0.35400390625,0.8200000000000005
40,1.4600000381469727,14.675000190734863,0.356201171875,0.8400000000000005
41,1.4600000381469727,14.675000190734863,0.358154296875,0.8600000000000005
42,1.4600000381469727,14.675000190734863,0.3603515625,0.8800000000000006
43,1.4600000381469727,14.675000190734863,0.362548828125,0.9000000000000006
44,1.4600000381469727,14.675000190734863,0.364501953125,0.9200000000000006
45,1.4600000381469727,14.675000190734863,0.366455078125,0.9400000000000006
46,1.4600000381469727,14.675000190734863,0.36865234375,0.9600000000000006
47,1.4600000381469727,14.675000190734863,0.37060546875,0.9800000000000006
48,1.4600000381469727,14.675000190734863,0.372802734375,1.0000000000000007
49,1.4600000381469727,14.675000190734863,0.37451171875,1.0200000000000007
50,1.4600000381469727,14.675000190734863,0.376708984375,1.0400000000000007
51,1.4600000381469727,14.675000190734863,0.37890625,1.0600000000000007
52,1.4600000381469727,14.649999618530273,0.381103515625,1.0800000000000007
53,1.4600000381469727,14.649999618530273,0.383056640625,1.1000000000000008
54,1.4600000381469727,14.649999618530273,0.385009765625,1.1200000000000008
55,1.4600000381469727,14.649999618530273,0.38720703125,1.1400000000000008
56,1.4600000381469727,14.649999618530273,0.38916015625,1.1600000000000008
57,1.4600000381469727,14.649999618530273,0.39111328125,1.1800000000000008
58,1.4600000381469727,14.649999618530273,0.39306640625,1.2100000000000009
59,1.4500000476837158,14.649999618530273,0.395263671875,1.2300000000000009
60,1.4600000381469727,14.649999618530273,0.397216796875,1.2400000000000009
61,1.4600000381469727,14.649999618530273,0.3994140625,1.260000000000001
62,1.4600000381469727,14.649999618530273,0.4013671875,1.280000000000001
63,1.4600000381469727,14.649999618530273,0.403564453125,1.300000000000001
64,1.4600000381469727,14.600000381469727,0.4052734375,1.320000000000001
65,1.4500000476837158,14.600000381469727,0.4072265625,1.340000000000001
66,1.4500000476837158,14.600000381469727,0.409423828125,1.370000000000001
67,1.4600000381469727,14.600000381469727,0.41162109375,1.380000000000001
68,1.4600000381469727,14.600000381469727,0.41357421875,1.410000000000001
69,1.4600000381469727,14.600000381469727,0.41552734375,1.420000000000001
70,1.4600000381469727,14.600000381469727,0.41748046875,1.450000000000001
71,1.4500000476837158,14.600000381469727,0.41943359375,1.460000000000001
72,1.4500000476837158,14.600000381469727,0.42138671875,1.480000000000001
73,1.4600000381469727,14.600000381469727,0.423583984375,1.5100000000000011
74,1.4600000381469727,14.600000381469727,0.425537109375,1.5200000000000011
75,1.4600000381469727,14.600000381469727,0.427490234375,1.5400000000000011
76,1.4500000476837158,14.600000381469727,0.429443359375,1.5700000000000012
77,1.4500000476837158,14.600000381469727,0.431396484375,1.5800000000000012
78,1.4500000476837158,14.600000381469727,0.43359375,1.6000000000000012
79,1.4500000476837158,14.600000381469727,0.435302734375,1.6300000000000012
80,1.4500000476837158,14.600000381469727,0.4375,1.6500000000000012
81,1.4600000381469727,14.600000381469727,0.439453125,1.6600000000000013
82,1.4500000476837158,14.600000381469727,0.44140625,1.6800000000000013
83,1.4500000476837158,14.600000381469727,0.443359375,1.7000000000000013
84,1.4500000476837158,14.600000381469727,0.4453125,1.7300000000000013
85,1.4500000476837158,14.600000381469727,0.447265625,1.7500000000000013
86,1.4500000476837158,14.600000381469727,0.44921875,1.7600000000000013
87,1.4500000476837158,14.600000381469727,0.451416015625,1.7700000000000014
88,1.4600000381469727,14.600000381469727,0.453369140625,1.7900000000000014
89,1.4600000381469727,14.625,0.455322265625,1.8100000000000014
90,1.4500000476837158,14.625,0.457275390625,1.8400000000000014
91,1.4500000476837158,14.625,0.45947265625,1.8600000000000014
92,1.4500000476837158,14.625,0.46142578125,1.8800000000000014
93,1.4500000476837158,14.625,0.46337890625,1.8900000000000015
94,1.4600000381469727,14.625,0.46533203125,1.9100000000000015
95,1.4500000476837158,14.625,0.467529296875,1.9300000000000015
96,1.4500000476837158,14.625,0.46923828125,1.9500000000000015
97,1.4500000476837158,14.625,0.47119140625,1.9600000000000015
98,1.4500000476837158,14.625,0.473388671875,1.9900000000000015
99,1.4500000476837158,14.625,0.475341796875,2.010000000000001
100,1.4500000476837158,14.625,0.477294921875,2.0300000000000007
101,1.4600000381469727,14.625,0.4794921875,2.0300000000000007
102,1.4600000381469727,14.625,0.4814453125,2.0500000000000003
103,1.4500000476837158,14.625,0.4833984375,2.07
104,1.4500000476837158,14.625,0.4853515625,2.0799999999999996
105,1.4500000476837158,14.625,0.4873046875,2.099999999999999
106,1.4600000381469727,14.625,0.489501953125,2.109999999999999
107,1.4500000476837158,14.625,0.491455078125,2.1399999999999983
108,1.4600000381469727,14.625,0.493408203125,2.149999999999998
109,1.4600000381469727,14.625,0.49560546875,2.1699999999999977
110,1.4600000381469727,14.625,0.49755859375,2.1799999999999975
111,1.4600000381469727,14.625,0.49951171875,2.209999999999997
112,1.4500000476837158,14.625,0.501708984375,2.2199999999999966
113,1.4600000381469727,14.625,0.503662109375,2.2199999999999966
114,1.4600000381469727,14.625,0.505615234375,2.2299999999999964
115,1.4600000381469727,14.625,0.507568359375,2.259999999999996
116,1.4600000381469727,14.625,0.509765625,2.2699999999999956
117,1.4600000381469727,14.625,0.511962890625,2.289999999999995
118,1.4600000381469727,14.625,0.513916015625,2.299999999999995
119,1.4600000381469727,14.625,0.515869140625,2.3099999999999947
120,1.4600000381469727,14.625,0.51806640625,2.3199999999999945
121,1.4600000381469727,14.625,0.52001953125,2.339999999999994
122,1.4600000381469727,14.625,0.522216796875,2.3699999999999934
123,1.4600000381469727,14.625,0.5244140625,2.3799999999999932
124,1.4600000381469727,14.625,0.5263671875,2.389999999999993
125,1.4600000381469727,14.625,0.5283203125,2.4099999999999926
126,1.4600000381469727,14.625,0.5302734375,2.4199999999999924
127,1.4600000381469727,14.675000190734863,0.532470703125,2.439999999999992
128,1.4600000381469727,14.675000190734863,0.534423828125,2.4599999999999915
129,1.4600000381469727,14.675000190734863,0.53662109375,2.4699999999999913
130,1.4600000381469727,14.675000190734863,0.53857421875,2.489999999999991
131,1.4600000381469727,14.675000190734863,0.540771484375,2.4999999999999907
132,1.4600000381469727,14.675000190734863,0.542724609375,2.5199999999999902
133,1.4600000381469727,14.675000190734863,0.544921875,2.52999999999999
134,1.4600000381469727,14.675000190734863,0.547119140625,2.5499999999999896
135,1.4600000381469727,14.675000190734863,0.54931640625,2.5599999999999894
136,1.4600000381469727,14.675000190734863,0.55126953125,2.579999999999989
137,1.4600000381469727,14.675000190734863,0.553466796875,2.5999999999999885
138,1.4600000381469727,14.675000190734863,0.555419921875,2.6099999999999883
139,1.4600000381469727,14.675000190734863,0.5576171875,2.629999999999988
140,1.4600000381469727,14.675000190734863,0.559814453125,2.6499999999999875
141,1.4600000381469727,14.675000190734863,0.561767578125,2.6599999999999873
142,1.4600000381469727,14.675000190734863,0.56396484375,2.669999999999987
143,1.4600000381469727,14.675000190734863,0.56591796875,2.679999999999987
144,1.4600000381469727,14.675000190734863,0.568115234375,2.6899999999999866
145,1.4700000286102295,14.675000190734863,0.5703125,2.709999999999986
146,1.4600000381469727,14.675000190734863,0.572509765625,2.719999999999986
147,1.4700000286102295,14.675000190734863,0.57470703125,2.7399999999999856
148,1.4700000286102295,14.675000190734863,0.576904296875,2.7499999999999853
149,1.4700000286102295,14.675000190734863,0.5791015625,2.769999999999985
150,1.4700000286102295,14.675000190734863,0.5810546875,2.7799999999999847
151,1.4700000286102295,14.675000190734863,0.583251953125,2.7899999999999845
152,1.4700000286102295,14.75,0.58544921875,2.7999999999999843
153,1.4700000286102295,14.75,0.587646484375,2.819999999999984
154,1.4700000286102295,14.75,0.58984375,2.8299999999999836
155,1.4700000286102295,14.75,0.592041015625,2.8399999999999834
156,1.4700000286102295,14.75,0.594482421875,2.849999999999983
157,1.4700000286102295,14.75,0.596435546875,2.859999999999983
158,1.4700000286102295,14.75,0.59912109375,2.869999999999983
159,1.4700000286102295,14.75,0.60107421875,2.8799999999999826
160,1.4700000286102295,14.75,0.603271484375,2.8899999999999824
161,1.4700000286102295,14.75,0.605712890625,2.899999999999982
162,1.4700000286102295,14.75,0.60791015625,2.909999999999982
163,1.4700000286102295,14.75,0.610107421875,2.9199999999999817
164,1.4700000286102295,14.800000190734863,0.612548828125,2.9299999999999815
165,1.4700000286102295,14.800000190734863,0.614990234375,2.9399999999999813
166,1.4700000286102295,14.800000190734863,0.617431640625,2.949999999999981
167,1.4700000286102295,14.800000190734863,0.61962890625,2.959999999999981
168,1.4800000190734863,14.800000190734863,0.6220703125,2.9699999999999807
169,1.4800000190734863,14.800000190734863,0.62451171875,2.9899999999999802
170,1.4800000190734863,14.800000190734863,0.626708984375,3.00999999999998
171,1.4700000286102295,14.800000190734863,0.629150390625,3.0299999999999794
172,1.4700000286102295,14.800000190734863,0.63134765625,3.039999999999979
173,1.4800000190734863,14.800000190734863,0.6337890625,3.049999999999979
174,1.4800000190734863,14.800000190734863,0.636474609375,3.0599999999999787
175,1.4800000190734863,14.800000190734863,0.638916015625,3.0699999999999785
176,1.4800000190734863,14.800000190734863,0.641357421875,3.0799999999999783
177,1.4800000190734863,14.824999809265137,0.643798828125,3.089999999999978
178,1.4800000190734863,14.824999809265137,0.646484375,3.099999999999978
179,1.4800000190734863,14.824999809265137,0.64892578125,3.1099999999999777
180,1.4800000190734863,14.824999809265137,0.651611328125,3.1199999999999775
181,1.4800000190734863,14.824999809265137,0.654052734375,3.1299999999999772
182,1.4800000190734863,14.824999809265137,0.65673828125,3.139999999999977
183,1.4800000190734863,14.824999809265137,0.659423828125,3.149999999999977
184,1.4800000190734863,14.824999809265137,0.662109375,3.1599999999999766
185,1.4800000190734863,14.824999809265137,0.66455078125,3.1699999999999764
186,1.4800000190734863,14.824999809265137,0.66748046875,3.179999999999976
187,1.4800000190734863,14.824999809265137,0.670166015625,3.189999999999976
188,1.4800000190734863,14.824999809265137,0.672607421875,3.1999999999999758
189,1.4800000190734863,14.899999618530273,0.67529296875,3.2099999999999755
190,1.4800000190734863,14.899999618530273,0.67822265625,3.229999999999975
191,1.4800000190734863,14.899999618530273,0.680908203125,3.239999999999975
192,1.4800000190734863,14.899999618530273,0.683349609375,3.2499999999999747
193,1.4800000190734863,14.899999618530273,0.68603515625,3.2599999999999745
194,1.4900000095367432,14.899999618530273,0.688720703125,3.2699999999999743
195,1.4900000095367432,14.899999618530273,0.69091796875,3.279999999999974
196,1.4900000095367432,14.899999618530273,0.694091796875,3.289999999999974
197,1.4900000095367432,14.899999618530273,0.6962890625,3.289999999999974
198,1.4900000095367432,14.899999618530273,0.699462890625,3.3099999999999734
199,1.4900000095367432,14.899999618530273,0.7021484375,3.319999999999973
200,1.4900000095367432,14.899999618530273,0.705810546875,3.329999999999973
201,1.4900000095367432,14.899999618530273,0.708984375,3.3399999999999728
202,1.4900000095367432,14.949999809265137,0.712646484375,3.3499999999999726
203,1.4900000095367432,14.949999809265137,0.71630859375,3.369999999999972
204,1.4900000095367432,14.949999809265137,0.719970703125,3.3899999999999717
205,1.4900000095367432,14.949999809265137,0.723876953125,3.3999999999999715
206,1.4900000095367432,14.949999809265137,0.728515625,3.419999999999971
207,1.4900000095367432,14.949999809265137,0.7333984375,3.429999999999971
208,1.4900000095367432,14.949999809265137,0.73828125,3.4399999999999706
209,1.4900000095367432,14.949999809265137,0.743408203125,3.4499999999999704
210,1.4900000095367432,14.949999809265137,0.74853515625,3.45999999999997
211,0.0,14.949999809265137,0.75341796875,3.46999999999997
212,0.0,14.949999809265137,0.75634765625,3.47999999999997
213,0.0,14.949999809265137,0.75830078125,3.4899999999999696
214,-0.07999999821186066,15.024999618530273,0.7587890625,3.4999999999999694
215,0.0,15.024999618530273,0.7587890625,3.509999999999969
216,0.0,15.024999618530273,0.759521484375,3.509999999999969
217,0.0,15.024999618530273,0.760498046875,3.519999999999969
218,0.0,15.024999618530273,0.760986328125,3.5299999999999687
219,0.0,15.024999618530273,0.76123046875,3.5299999999999687
220,0.0,15.024999618530273,0.76123046875,3.5399999999999685
221,0.0,15.024999618530273,0.76123046875,3.559999999999968
222,0.0,15.024999618530273,0.76123046875,3.569999999999968
223,0.0,15.024999618530273,0.761474609375,3.569999999999968
224,0.0,15.024999618530273,0.76171875,3.5799999999999677
225,0.0,15.024999618530273,0.76171875,3.5999999999999672
226,0.0,15.024999618530273,0.76220703125,3.609999999999967
227,0.0,15.024999618530273,0.7626953125,3.619999999999967
228,0.0,15.024999618530273,0.762939453125,3.6299999999999666
229,0.0,15.024999618530273,0.763427734375,3.6399999999999664
230,0.0,15.024999618530273,0.763916015625,3.649999999999966
231,0.0,15.024999618530273,0.7646484375,3.659999999999966
232,0.0,15.024999618530273,0.76513671875,3.6699999999999657
233,0.0,15.024999618530273,0.765625,3.6699999999999657
234,0.0,15.024999618530273,0.766357421875,3.6799999999999655
235,0.0,15.024999618530273,0.766357421875,3.699999999999965
236,0.0,15.024999618530273,0.76708984375,3.709999999999965
237,0.0,15.024999618530273,0.767333984375,3.7199999999999647
238,0.0,15.024999618530273,0.767578125,3.7199999999999647
239,0.0,15.024999618530273,0.767822265625,3.7399999999999642
240,0.0,15.024999618530273,0.76806640625,3.759999999999964
241,0.0,15.024999618530273,0.768310546875,3.7699999999999636
242,0.0,15.024999618530273,0.7685546875,3.7799999999999634
243,0.0,15.024999618530273,0.769287109375,3.789999999999963
244,0.0,15.024999618530273,0.769775390625,3.799999999999963
245,0.0,15.024999618530273,0.770263671875,3.8199999999999625
246,0.0,15.024999618530273,0.7705078125,3.8299999999999623
247,0.0,15.024999618530273,0.77099609375,3.839999999999962
248,0.0,15.024999618530273,0.771484375,3.839999999999962
249,0.0,15.024999618530273,0.771728515625,3.849999999999962
250,0.0,15.024999618530273,0.77197265625,3.8699999999999615
251,0.0,15.024999618530273,0.77197265625,3.8799999999999613
252,0.0,15.024999618530273,0.7724609375,3.889999999999961
253,0.0,15.024999618530273,0.77294921875,3.889999999999961
254,0.0,15.024999618530273,0.773193359375,3.899999999999961
255,0.0,15.024999618530273,0.773681640625,3.9199999999999604
256,0.0,15.024999618530273,0.77392578125,3.92999999999996
257,0.0,15.024999618530273,0.774169921875,3.93999999999996
258,0.0,15.024999618530273,0.774658203125,3.93999999999996
259,0.0,15.024999618530273,0.77490234375,3.9499999999999598
260,0.0,15.024999618530273,0.775390625,3.9599999999999596
261,0.0,15.024999618530273,0.775634765625,3.979999999999959
262,0.0,15.024999618530273,0.776123046875,3.979999999999959
263,0.0,15.024999618530273,0.776611328125,3.989999999999959
264,0.0,15.024999618530273,0.776611328125,3.9999999999999587
265,0.0,15.024999618530273,0.777099609375,4.009999999999959
266,0.0,15.024999618530273,0.777587890625,4.019999999999959
267,0.0,15.024999618530273,0.77783203125,4.0299999999999585
268,0.0,15.024999618530273,0.7783203125,4.039999999999958
269,0.0,15.024999618530273,0.778564453125,4.049999999999958
270,0.0,15.024999618530273,0.77880859375,4.059999999999958
271,0.0,15.024999618530273,0.779052734375,4.059999999999958
272,0.0,15.024999618530273,0.779296875,4.069999999999958
273,0.0,15.024999618530273,0.77978515625,4.079999999999957
274,0.0,15.024999618530273,0.780029296875,4.089999999999957
275,0.0,15.024999618530273,0.7802734375,4.099999999999957
276,0.0,15.024999618530273,0.780517578125,4.109999999999957
277,0.0,15.024999618530273,0.78076171875,4.119999999999957
278,0.0,15.024999618530273,0.78125,4.139999999999956
279,0.0,15.024999618530273,0.781494140625,4.139999999999956
280,0.0,15.024999618530273,0.78173828125,4.149999999999956
281,0.0,15.024999618530273,0.781982421875,4.159999999999956
282,0.0,15.024999618530273,0.7822265625,4.179999999999955
283,0.0,15.024999618530273,0.78271484375,4.189999999999955
284,0.0,15.024999618530273,0.78271484375,4.199999999999955
285,0.0,15.024999618530273,0.783203125,4.2199999999999545
286,0.0,15.024999618530273,0.783447265625,4.2199999999999545
287,0.0,15.024999618530273,0.78369140625,4.229999999999954
288,0.0,15.024999618530273,0.783935546875,4.239999999999954
289,0.0,15.050000190734863,0.7841796875,4.249999999999954
290,0.0,15.050000190734863,0.784423828125,4.259999999999954
291,0.0,15.050000190734863,0.78515625,4.269999999999953
292,0.0,15.050000190734863,0.785400390625,4.269999999999953
293,0.0,15.050000190734863,0.78564453125,4.279999999999953
294,0.0,15.050000190734863,0.785888671875,4.289999999999953
295,0.0,15.050000190734863,0.7861328125,4.299999999999953
296,0.0,15.050000190734863,0.78662109375,4.3099999999999525
297,0.0,15.050000190734863,0.787109375,4.319999999999952
298,0.0,15.050000190734863,0.787353515625,4.339999999999952
299,0.0,15.050000190734863,0.787841796875,4.349999999999952
300,0.0,15.050000190734863,0.7880859375,4.3599999999999515
301,0.0,15.050000190734863,0.7880859375,4.3599999999999515
302,0.0,15.050000190734863,0.788818359375,4.369999999999951
303,0.0,15.050000190734863,0.7890625,4.379999999999951
304,0.0,15.050000190734863,0.789306640625,4.389999999999951
305,0.0,15.050000190734863,0.789794921875,4.399999999999951
306,0.0,15.050000190734863,0.790283203125,4.40999999999995
307,0.0,15.050000190734863,0.79052734375,4.41999999999995
308,0.0,15.050000190734863,0.790771484375,4.42999999999995
309,0.0,15.050000190734863,0.791259765625,4.42999999999995
310,0.0,15.050000190734863,0.79150390625,4.4499999999999496
311,0.0,15.050000190734863,0.7919921875,4.459999999999949
312,0.0,15.050000190734863,0.792236328125,4.459999999999949
313,0.0,15.050000190734863,0.792724609375,4.469999999999949
314,0.0,15.050000190734863,0.79296875,4.479999999999949
315,0.0,15.050000190734863,0.79345703125,4.4999999999999485
316,0.0,15.050000190734863,0.793701171875,4.519999999999948
317,0.0,15.050000190734863,0.7939453125,4.519999999999948
318,0.0,15.050000190734863,0.794189453125,4.529999999999948
319,0.0,15.050000190734863,0.794677734375,4.539999999999948
320,0.0,15.050000190734863,0.795166015625,4.549999999999947
321,0.0,15.050000190734863,0.79541015625,4.559999999999947
322,0.0,15.050000190734863,0.795654296875,4.559999999999947
323,0.0,15.050000190734863,0.795654296875,4.569999999999947
324,0.0,15.050000190734863,0.79638671875,4.579999999999947
325,0.0,15.050000190734863,0.796630859375,4.589999999999947
326,0.0,15.050000190734863,0.796875,4.599999999999946
327,0.0,15.050000190734863,0.79736328125,4.609999999999946
328,0.0,15.050000190734863,0.797607421875,4.609999999999946
329,0.0,15.050000190734863,0.7978515625,4.619999999999946
330,0.0,15.050000190734863,0.798095703125,4.629999999999946
331,0.0,15.050000190734863,0.798583984375,4.629999999999946
332,0.0,15.050000190734863,0.798828125,4.6399999999999455
333,0.0,15.050000190734863,0.799072265625,4.649999999999945
334,0.0,15.050000190734863,0.79931640625,4.659999999999945
335,0.0,15.050000190734863,0.799560546875,4.669999999999945
336,0.0,15.050000190734863,0.7998046875,4.669999999999945
337,0.0,15.050000190734863,0.800048828125,4.679999999999945
338,0.0,15.024999618530273,0.80029296875,4.689999999999944
339,0.0,15.024999618530273,0.800537109375,4.689999999999944
340,0.0,15.024999618530273,0.80078125,4.699999999999944
341,0.0,15.024999618530273,0.80078125,4.699999999999944
342,0.0,15.024999618530273,0.801025390625,4.709999999999944
343,0.0,15.024999618530273,0.80126953125,4.719999999999944
344,0.0,15.024999618530273,0.80126953125,4.719999999999944
345,0.0,15.024999618530273,0.801513671875,4.739999999999943
346,0.0,15.024999618530273,0.8017578125,4.749999999999943
347,0.0,15.024999618530273,0.8017578125,4.749999999999943
348,0.0,15.024999618530273,0.80224609375,4.759999999999943
349,0.0,15.024999618530273,0.80224609375,4.769999999999943
350,0.0,15.024999618530273,0.802490234375,4.7799999999999425
351,0.0,15.050000190734863,0.802734375,4.789999999999942
352,0.0,15.050000190734863,0.802734375,4.799999999999942
353,0.0,15.050000190734863,0.802978515625,4.799999999999942
354,0.0,15.050000190734863,0.80322265625,4.809999999999942
355,0.0,15.050000190734863,0.80322265625,4.819999999999942
356,0.0,15.050000190734863,0.80322265625,4.8299999999999415
357,0.0,15.050000190734863,0.80322265625,4.8299999999999415
358,0.0,15.050000190734863,0.80322265625,4.839999999999941
359,0.0,15.050000190734863,0.80322265625,4.849999999999941
360,0.0,15.050000190734863,0.80322265625,4.859999999999941
361,0.0,15.050000190734863,0.80322265625,4.869999999999941
362,0.0,15.050000190734863,0.80322265625,4.869999999999941
363,0.0,15.024999618530273,0.80322265625,4.87999999999994
364,0.0,15.024999618530273,0.80322265625,4.88999999999994
365,0.0,15.024999618530273,0.80322265625,4.88999999999994
366,0.0,15.024999618530273,0.80322265625,4.89999999999994
367,0.0,15.024999618530273,0.80322265625,4.90999999999994
368,0.0,15.024999618530273,0.80322265625,4.90999999999994
369,0.0,15.024999618530273,0.80322265625,4.9199999999999395
370,0.0,15.024999618530273,0.80322265625,4.929999999999939
371,0.0,15.024999618530273,0.80322265625,4.929999999999939
372,0.0,15.024999618530273,0.80322265625,4.939999999999939
373,0.0,15.024999618530273,0.80322265625,4.949999999999939
374,0.0,15.024999618530273,0.80322265625,4.959999999999939
375,0.0,15.024999618530273,0.80322265625,4.959999999999939
376,0.0,15.024999618530273,0.80322265625,4.9699999999999385
377,0.0,15.024999618530273,0.80322265625,4.979999999999938
378,0.0,15.024999618530273,0.80322265625,4.979999999999938
379,0.0,15.024999618530273,0.80322265625,4.989999999999938
380,0.0,15.024999618530273,0.80322265625,4.999999999999938
381,0.0,15.024999618530273,0.80322265625,4.999999999999938
382,0.0,15.024999618530273,0.80322265625,5.009999999999938
383,0.0,15.024999618530273,0.80322265625,5.019999999999937
384,0.0,15.024999618530273,0.80322265625,5.019999999999937
385,0.0,15.024999618530273,0.80322265625,5.029999999999937
386,0.0,15.024999618530273,0.80322265625,5.039999999999937
387,0.0,15.024999618530273,0.80322265625,5.039999999999937
388,0.0,15.024999618530273,0.80322265625,5.049999999999937
389,0.0,15.024999618530273,0.80322265625,5.049999999999937
390,0.0,15.024999618530273,0.80322265625,5.0599999999999365
391,0.0,15.024999618530273,0.80322265625,5.069999999999936
392,0.0,15.024999618530273,0.80322265625,5.079999999999936
393,0.0,15.024999618530273,0.80322265625,5.089999999999936
394,0.0,15.024999618530273,0.80322265625,5.099999999999936
395,0.0,15.024999618530273,0.80322265625,5.1099999999999355
396,0.0,15.024999618530273,0.80322265625,5.1099999999999355
397,0.0,15.024999618530273,0.80322265625,5.119999999999935
398,0.0,15.024999618530273,0.80322265625,5.129999999999935
399,0.0,15.024999618530273,0.80322265625,5.139999999999935
400,0.0,15.024999618530273,0.80322265625,5.139999999999935
401,0.0,15.050000190734863,0.80322265625,5.149999999999935
402,0.0,15.050000190734863,0.80322265625,5.149999999999935
403,0.0,15.050000190734863,0.80322265625,5.159999999999934
404,0.0,15.050000190734863,0.80322265625,5.169999999999934
405,0.0,15.050000190734863,0.80322265625,5.179999999999934
406,0.0,15.050000190734863,0.80322265625,5.179999999999934
407,0.0,15.050000190734863,0.80322265625,5.189999999999934
408,0.0,15.050000190734863,0.80322265625,5.199999999999934
409,0.0,15.050000190734863,0.80322265625,5.209999999999933
410,0.0,15.050000190734863,0.80322265625,5.209999999999933
411,0.0,15.050000190734863,0.80322265625,5.219999999999933
412,0.0,15.050000190734863,0.80322265625,5.229999999999933
413,0.0,15.050000190734863,0.80322265625,5.229999999999933
414,0.0,15.050000190734863,0.80322265625,5.239999999999933
415,0.0,15.050000190734863,0.80322265625,5.2499999999999325
416,0.0,15.050000190734863,0.80322265625,5.259999999999932
417,0.0,15.050000190734863,0.80322265625,5.269999999999932
418,0.0,15.050000190734863,0.80322265625,5.269999999999932
419,0.0,15.050000190734863,0.80322265625,5.279999999999932
420,0.0,15.050000190734863,0.80322265625,5.279999999999932
421,0.0,15.050000190734863,0.80322265625,5.289999999999932
422,0.0,15.050000190734863,0.80322265625,5.299999999999931
423,0.0,15.050000190734863,0.80322265625,5.309999999999931
424,0.0,15.050000190734863,0.80322265625,5.309999999999931
425,0.0,15.024999618530273,0.80322265625,5.319999999999931
426,0.0,15.024999618530273,0.80322265625,5.329999999999931
427,0.0,15.024999618530273,0.80322265625,5.339999999999931
428,0.0,15.024999618530273,0.80322265625,5.339999999999931
429,0.0,15.024999618530273,0.80322265625,5.34999999999993
430,0.0,15.024999618530273,0.80322265625,5.35999999999993
431,0.0,15.024999618530273,0.80322265625,5.36999999999993
432,0.0,15.024999618530273,0.80322265625,5.37999999999993
433,0.0,15.024999618530273,0.80322265625,5.37999999999993
434,0.0,15.024999618530273,0.80322265625,5.3899999999999295
435,0.0,15.024999618530273,0.80322265625,5.399999999999929
436,0.0,15.024999618530273,0.80322265625,5.409999999999929
437,0.0,15.024999618530273,0.80322265625,5.409999999999929
438,0.0,15.024999618530273,0.80322265625,5.419999999999929
439,0.0,15.024999618530273,0.80322265625,5.419999999999929
440,0.0,15.024999618530273,0.80322265625,5.429999999999929
441,0.0,15.024999618530273,0.80322265625,5.4399999999999284
442,0.0,15.024999618530273,0.80322265625,5.449999999999928
443,0.0,15.024999618530273,0.80322265625,5.449999999999928
444,0.0,15.024999618530273,0.80322265625,5.459999999999928
445,0.0,15.024999618530273,0.80322265625,5.459999999999928
446,0.0,15.024999618530273,0.80322265625,5.469999999999928
447,0.0,15.024999618530273,0.80322265625,5.479999999999928
448,0.0,15.024999618530273,0.80322265625,5.489999999999927
449,0.0,15.024999618530273,0.80322265625,5.489999999999927
450,0.0,15.024999618530273,0.80322265625,5.499999999999927
451,0.0,15.024999618530273,0.80322265625,5.509999999999927
452,0.0,15.024999618530273,0.80322265625,5.519999999999927
453,0.0,15.024999618530273,0.80322265625,5.5299999999999265
454,0.0,15.024999618530273,0.80322265625,5.5299999999999265
455,0.0,15.024999618530273,0.80322265625,5.539999999999926
456,0.0,15.024999618530273,0.80322265625,5.539999999999926
457,0.0,15.024999618530273,0.80322265625,5.549999999999926
458,0.0,15.024999618530273,0.80322265625,5.549999999999926
459,0.0,15.024999618530273,0.80322265625,5.559999999999926
460,0.0,15.024999618530273,0.80322265625,5.569999999999926
461,0.0,15.024999618530273,0.80322265625,5.569999999999926
462,0.0,15.024999618530273,0.80322265625,5.5799999999999255
463,0.0,15.024999618530273,0.80322265625,5.5799999999999255
464,0.0,15.024999618530273,0.80322265625,5.589999999999925
465,0.0,15.024999618530273,0.80322265625,5.589999999999925
466,0.0,15.024999618530273,0.80322265625,5.599999999999925
467,0.0,15.024999618530273,0.80322265625,5.599999999999925
468,0.0,15.024999618530273,0.80322265625,5.609999999999925
469,0.0,15.024999618530273,0.80322265625,5.619999999999925
470,0.0,15.024999618530273,0.80322265625,5.629999999999924
471,0.0,15.024999618530273,0.80322265625,5.629999999999924
472,0.0,15.024999618530273,0.80322265625,5.639999999999924
473,0.0,15.024999618530273,0.80322265625,5.649999999999924
474,0.0,15.024999618530273,0.80322265625,5.649999999999924
475,0.0,15.024999618530273,0.80322265625,5.659999999999924
476,0.0,15.024999618530273,0.80322265625,5.6699999999999235
477,0.0,15.024999618530273,0.80322265625,5.679999999999923
478,0.0,15.024999618530273,0.80322265625,5.689999999999923
479,0.0,15.024999618530273,0.80322265625,5.689999999999923
480,0.0,15.024999618530273,0.80322265625,5.699999999999923
481,0.0,15.024999618530273,0.80322265625,5.709999999999923
482,0.0,15.024999618530273,0.80322265625,5.709999999999923
483,0.0,15.024999618530273,0.80322265625,5.7199999999999225
484,0.0,15.024999618530273,0.80322265625,5.729999999999922
485,0.0,15.024999618530273,0.80322265625,5.729999999999922
486,0.0,15.050000190734863,0.80322265625,5.739999999999922
487,0.0,15.050000190734863,0.80322265625,5.749999999999922
488,0.0,15.050000190734863,0.80322265625,5.759999999999922
489,0.0,15.050000190734863,0.80322265625,5.759999999999922
490,0.0,15.050000190734863,0.80322265625,5.769999999999921
491,0.0,15.050000190734863,0.80322265625,5.769999999999921
492,0.0,15.050000190734863,0.80322265625,5.779999999999921
493,0.0,15.050000190734863,0.80322265625,5.779999999999921
494,0.0,15.050000190734863,0.80322265625,5.789999999999921
495,0.0,15.050000190734863,0.80322265625,5.789999999999921
496,0.0,15.050000190734863,0.80322265625,5.799999999999921
497,0.0,15.050000190734863,0.80322265625,5.799999999999921
498,0.0,15.050000190734863,0.80322265625,5.809999999999921
499,0.0,15.050000190734863,0.80322265625,5.81999999999992
500,0.0,15.050000190734863,0.80322265625,5.81999999999992
501,0.0,15.050000190734863,0.80322265625,5.82999999999992
502,0.0,15.050000190734863,0.80322265625,5.82999999999992
503,0.0,15.050000190734863,0.80322265625,5.83999999999992
504,0.0,15.050000190734863,0.80322265625,5.84999999999992
505,0.0,15.050000190734863,0.80322265625,5.84999999999992
506,0.0,15.050000190734863,0.80322265625,5.8599999999999195
507,0.0,15.050000190734863,0.80322265625,5.869999999999919
508,0.0,15.050000190734863,0.80322265625,5.869999999999919
509,0.0,15.050000190734863,0.80322265625,5.879999999999919
510,0.0,15.050000190734863,0.80322265625,5.889999999999919
511,0.0,15.050000190734863,0.80322265625,5.899999999999919
512,0.0,15.050000190734863,0.80322265625,5.899999999999919
513,0.0,15.050000190734863,0.80322265625,5.909999999999918
514,0.0,15.050000190734863,0.80322265625,5.909999999999918
515,0.0,15.050000190734863,0.80322265625,5.919999999999918
516,0.0,15.050000190734863,0.80322265625,5.919999999999918
517,0.0,15.050000190734863,0.80322265625,5.929999999999918
518,0.0,15.050000190734863,0.80322265625,5.929999999999918
519,0.0,15.050000190734863,0.80322265625,5.939999999999918
520,0.0,15.050000190734863,0.80322265625,5.939999999999918
521,0.0,15.050000190734863,0.80322265625,5.949999999999918
522,0.0,15.050000190734863,0.80322265625,5.959999999999917
523,0.0,15.050000190734863,0.80322265625,5.969999999999917
524,0.0,15.050000190734863,0.80322265625,5.969999999999917
525,0.0,15.050000190734863,0.80322265625,5.979999999999917
526,0.0,15.050000190734863,0.80322265625,5.979999999999917
527,0.0,15.050000190734863,0.80322265625,5.989999999999917
528,0.0,15.050000190734863,0.80322265625,5.989999999999917
529,0.0,15.050000190734863,0.80322265625,5.9999999999999165
530,0.0,15.050000190734863,0.80322265625,5.9999999999999165
531,0.0,15.050000190734863,0.80322265625,6.009999999999916
532,0.0,15.050000190734863,0.80322265625,6.009999999999916
533,0.0,15.050000190734863,0.80322265625,6.019999999999916
534,0.0,15.050000190734863,0.80322265625,6.029999999999916
535,0.0,15.024999618530273,0.80322265625,6.039999999999916
536,0.0,15.024999618530273,0.80322265625,6.039999999999916
537,0.0,15.024999618530273,0.80322265625,6.0499999999999154
538,0.0,15.024999618530273,0.80322265625,6.059999999999915
539,0.0,15.024999618530273,0.80322265625,6.069999999999915
540,0.0,15.024999618530273,0.80322265625,6.069999999999915
541,0.0,15.024999618530273,0.80322265625,6.079999999999915
542,0.0,15.024999618530273,0.80322265625,6.079999999999915
543,0.0,15.024999618530273,0.80322265625,6.089999999999915
544,0.0,15.024999618530273,0.80322265625,6.089999999999915
545,0.0,15.024999618530273,0.80322265625,6.099999999999914
546,0.0,15.024999618530273,0.80322265625,6.099999999999914
547,0.0,15.024999618530273,0.80322265625,6.109999999999914
548,0.0,15.024999618530273,0.80322265625,6.109999999999914
549,0.0,15.024999618530273,0.80322265625,6.119999999999914
550,0.0,15.024999618530273,0.80322265625,6.129999999999914
551,0.0,15.024999618530273,0.80322265625,6.129999999999914
552,0.0,15.024999618530273,0.80322265625,6.1399999999999135
553,0.0,15.024999618530273,0.80322265625,6.149999999999913
554,0.0,15.024999618530273,0.80322265625,6.149999999999913
555,0.0,15.024999618530273,0.80322265625,6.159999999999913
556,0.0,15.024999618530273,0.80322265625,6.159999999999913
557,0.0,15.024999618530273,0.80322265625,6.169999999999913
558,0.0,15.024999618530273,0.80322265625,6.169999999999913
559,0.0,15.024999618530273,0.80322265625,6.179999999999913
560,0.0,15.050000190734863,0.80322265625,6.179999999999913
561,0.0,15.050000190734863,0.80322265625,6.1899999999999125
562,0.0,15.050000190734863,0.80322265625,6.1899999999999125
563,0.0,15.050000190734863,0.80322265625,6.199999999999912
564,0.0,15.050000190734863,0.80322265625,6.199999999999912
565,0.0,15.050000190734863,0.80322265625,6.209999999999912
566,0.0,15.050000190734863,0.80322265625,6.209999999999912
567,0.0,15.050000190734863,0.80322265625,6.219999999999912
568,0.0,15.050000190734863,0.80322265625,6.219999999999912
569,0.0,15.050000190734863,0.80322265625,6.229999999999912
570,0.0,15.050000190734863,0.80322265625,6.229999999999912
571,0.0,15.050000190734863,0.80322265625,6.239999999999911
572,0.0,15.050000190734863,0.80322265625,6.239999999999911
573,0.0,15.050000190734863,0.80322265625,6.249999999999911
574,0.0,15.050000190734863,0.80322265625,6.249999999999911
575,0.0,15.050000190734863,0.80322265625,6.259999999999911
576,0.0,15.050000190734863,0.80322265625,6.259999999999911
577,0.0,15.050000190734863,0.80322265625,6.269999999999911
578,0.0,15.050000190734863,0.80322265625,6.269999999999911
579,0.0,15.050000190734863,0.80322265625,6.2799999999999105
580,0.0,15.050000190734863,0.80322265625,6.2799999999999105
581,0.0,15.050000190734863,0.80322265625,6.28999999999991
582,0.0,15.050000190734863,0.80322265625,6.28999999999991
583,0.0,15.050000190734863,0.80322265625,6.29999999999991
584,0.0,15.050000190734863,0.80322265625,6.29999999999991
585,0.0,15.050000190734863,0.80322265625,6.30999999999991
586,0.0,15.050000190734863,0.80322265625,6.30999999999991
587,0.0,15.050000190734863,0.80322265625,6.31999999999991
588,0.0,15.050000190734863,0.80322265625,6.3299999999999095
589,0.0,15.050000190734863,0.80322265625,6.339999999999909
590,0.0,15.050000190734863,0.80322265625,6.339999999999909
591,0.0,15.050000190734863,0.80322265625,6.349999999999909
592,0.0,15.050000190734863,0.80322265625,6.349999999999909
593,0.0,15.050000190734863,0.80322265625,6.359999999999909
594,0.0,15.050000190734863,0.80322265625,6.359999999999909
595,0.0,15.050000190734863,0.80322265625,6.369999999999909
596,0.0,15.050000190734863,0.80322265625,6.369999999999909
597,0.0,15.050000190734863,0.80322265625,6.379999999999908
598,0.0,15.050000190734863,0.80322265625,6.379999999999908
599,0.0,15.050000190734863,0.80322265625,6.389999999999908
600,0.0,15.050000190734863,0.80322265625,6.389999999999908
601,0.0,15.050000190734863,0.80322265625,6.399999999999908
602,0.0,15.050000190734863,0.80322265625,6.399999999999908
603,0.0,15.050000190734863,0.80322265625,6.409999999999908
604,0.0,15.050000190734863,0.80322265625,6.409999999999908
605,0.0,15.050000190734863,0.80322265625,6.419999999999908
606,0.0,15.050000190734863,0.80322265625,6.419999999999908
607,0.0,15.050000190734863,0.80322265625,6.429999999999907
608,0.0,15.050000190734863,0.80322265625,6.429999999999907
609,0.0,15.050000190734863,0.80322265625,6.439999999999907
610,0.0,15.050000190734863,0.80322265625,6.439999999999907
611,0.0,15.050000190734863,0.80322265625,6.449999999999907
612,0.0,15.050000190734863,0.80322265625,6.459999999999907
613,0.0,15.050000190734863,0.80322265625,6.4699999999999065
614,0.0,15.050000190734863,0.80322265625,6.4699999999999065
615,0.0,15.050000190734863,0.80322265625,6.479999999999906
616,0.0,15.050000190734863,0.80322265625,6.479999999999906
617,0.0,15.050000190734863,0.80322265625,6.489999999999906
618,0.0,15.050000190734863,0.80322265625,6.499999999999906
619,0.0,15.050000190734863,0.80322265625,6.499999999999906
620,0.0,15.050000190734863,0.80322265625,6.509999999999906
621,0.0,15.050000190734863,0.80322265625,6.509999999999906
622,0.0,15.050000190734863,0.80322265625,6.519999999999905
623,0.0,15.050000190734863,0.80322265625,6.519999999999905
624,0.0,15.050000190734863,0.80322265625,6.529999999999905
625,0.0,15.050000190734863,0.80322265625,6.529999999999905
626,0.0,15.050000190734863,0.80322265625,6.539999999999905
627,0.0,15.050000190734863,0.80322265625,6.539999999999905
628,0.0,15.050000190734863,0.80322265625,6.549999999999905
629,0.0,15.050000190734863,0.80322265625,6.549999999999905
630,0.0,15.050000190734863,0.80322265625,6.559999999999905
631,0.0,15.050000190734863,0.80322265625,6.569999999999904
632,0.0,15.050000190734863,0.80322265625,6.569999999999904
633,0.0,15.024999618530273,0.80322265625,6.579999999999904
634,0.0,15.024999618530273,0.80322265625,6.589999999999904
635,0.0,15.024999618530273,0.80322265625,6.589999999999904
636,0.0,15.024999618530273,0.80322265625,6.599999999999904
637,0.0,15.024999618530273,0.80322265625,6.6099999999999035
638,0.0,15.024999618530273,0.80322265625,6.6099999999999035
639,0.0,15.024999618530273,0.80322265625,6.619999999999903
640,0.0,15.024999618530273,0.80322265625,6.629999999999903
641,0.0,15.024999618530273,0.80322265625,6.629999999999903
642,0.0,15.024999618530273,0.80322265625,6.639999999999903
643,0.0,15.024999618530273,0.80322265625,6.659999999999902
644,0.0,15.024999618530273,0.80322265625,6.669999999999902
645,0.0,15.024999618530273,0.80322265625,6.669999999999902
646,0.0,15.024999618530273,0.80322265625,6.679999999999902
647,0.0,15.024999618530273,0.80322265625,6.689999999999902
648,0.0,15.024999618530273,0.80322265625,6.689999999999902
649,0.0,15.024999618530273,0.80322265625,6.699999999999902
650,0.0,15.024999618530273,0.80322265625,6.699999999999902
651,0.0,15.024999618530273,0.80322265625,6.709999999999901
652,0.0,15.024999618530273,0.80322265625,6.719999999999901
653,0.0,15.024999618530273,0.80322265625,6.719999999999901
654,0.0,15.024999618530273,0.80322265625,6.729999999999901
655,0.0,15.050000190734863,0.80322265625,6.729999999999901
656,0.0,15.050000190734863,0.80322265625,6.739999999999901
657,0.0,15.050000190734863,0.80322265625,6.7499999999999005
658,0.0,15.050000190734863,0.80322265625,6.7499999999999005
659,0.0,15.050000190734863,0.80322265625,6.7599999999999
660,0.0,15.050000190734863,0.80322265625,6.7599999999999
661,0.0,15.050000190734863,0.80322265625,6.7699999999999
662,0.0,15.050000190734863,0.80322265625,6.7699999999999
663,0.0,15.050000190734863,0.80322265625,6.7799999999999
664,0.0,15.050000190734863,0.80322265625,6.7799999999999
665,0.0,15.050000190734863,0.80322265625,6.7899999999999
666,0.0,15.050000190734863,0.80322265625,6.7899999999999
667,0.0,15.050000190734863,0.80322265625,6.7999999999998995
668,0.0,15.050000190734863,0.80322265625,6.7999999999998995
669,0.0,15.050000190734863,0.80322265625,6.809999999999899
670,0.0,15.050000190734863,0.80322265625,6.809999999999899
671,0.0,15.050000190734863,0.80322265625,6.819999999999899
672,0.0,15.050000190734863,0.80322265625,6.819999999999899
673,0.0,15.050000190734863,0.80322265625,6.829999999999899
674,0.0,15.050000190734863,0.80322265625,6.829999999999899
675,0.0,15.050000190734863,0.80322265625,6.839999999999899
676,0.0,15.050000190734863,0.80322265625,6.839999999999899
677,0.0,15.050000190734863,0.80322265625,6.849999999999898
678,0.0,15.050000190734863,0.80322265625,6.849999999999898
679,0.0,15.050000190734863,0.80322265625,6.859999999999898
680,0.0,15.050000190734863,0.80322265625,6.869999999999898
681,0.0,15.050000190734863,0.80322265625,6.869999999999898
682,0.0,15.050000190734863,0.80322265625,6.879999999999898
683,0.0,15.050000190734863,0.80322265625,6.879999999999898
684,0.0,15.050000190734863,0.80322265625,6.8899999999998975
685,0.0,15.050000190734863,0.80322265625,6.8899999999998975
686,0.0,15.050000190734863,0.80322265625,6.899999999999897
687,0.0,15.050000190734863,0.80322265625,6.899999999999897
688,0.0,15.050000190734863,0.80322265625,6.909999999999897
689,0.0,15.050000190734863,0.80322265625,6.909999999999897
690,0.0,15.050000190734863,0.80322265625,6.919999999999897
691,0.0,15.024999618530273,0.80322265625,6.919999999999897
692,0.0,15.024999618530273,0.80322265625,6.929999999999897
693,0.0,15.024999618530273,0.80322265625,6.9399999999998965
694,0.0,15.024999618530273,0.80322265625,6.9399999999998965
695,0.0,15.024999618530273,0.80322265625,6.949999999999896
696,0.0,15.024999618530273,0.80322265625,6.949999999999896
697,0.0,15.024999618530273,0.80322265625,6.959999999999896
698,0.0,15.024999618530273,0.80322265625,6.959999999999896
699,0.0,15.024999618530273,0.80322265625,6.969999999999896
700,0.0,15.024999618530273,0.80322265625,6.969999999999896
701,0.0,15.024999618530273,0.80322265625,6.979999999999896
702,0.0,15.024999618530273,0.80322265625,6.979999999999896
703,0.0,15.024999618530273,0.80322265625,6.989999999999895
704,0.0,15.024999618530273,0.80322265625,6.989999999999895
705,0.0,15.024999618530273,0.80322265625,6.999999999999895
706,0.0,15.024999618530273,0.80322265625,7.009999999999895
707,0.0,15.024999618530273,0.80322265625,7.009999999999895
708,0.0,15.024999618530273,0.80322265625,7.019999999999895
709,0.0,15.024999618530273,0.80322265625,7.019999999999895
710,0.0,15.024999618530273,0.80322265625,7.0299999999998946
711,0.0,15.024999618530273,0.80322265625,7.0299999999998946
712,0.0,15.024999618530273,0.80322265625,7.039999999999894
713,0.0,15.024999618530273,0.80322265625,7.049999999999894
714,0.0,15.050000190734863,0.80322265625,7.049999999999894
715,0.0,15.050000190734863,0.80322265625,7.059999999999894
716,0.0,15.050000190734863,0.80322265625,7.059999999999894
717,0.0,15.050000190734863,0.80322265625,7.069999999999894
718,0.0,15.050000190734863,0.80322265625,7.069999999999894
719,0.0,15.050000190734863,0.80322265625,7.0799999999998935
720,0.0,15.050000190734863,0.80322265625,7.089999999999893
721,0.0,15.050000190734863,0.80322265625,7.089999999999893
722,0.0,15.050000190734863,0.80322265625,7.099999999999893
723,0.0,15.050000190734863,0.80322265625,7.099999999999893
724,0.0,15.050000190734863,0.80322265625,7.109999999999893
725,0.0,15.050000190734863,0.80322265625,7.109999999999893
726,0.0,15.050000190734863,0.80322265625,7.119999999999893
727,0.0,15.050000190734863,0.80322265625,7.119999999999893
728,0.0,15.050000190734863,0.80322265625,7.129999999999892
729,0.0,15.050000190734863,0.80322265625,7.129999999999892
730,0.0,15.050000190734863,0.80322265625,7.139999999999892
731,0.0,15.050000190734863,0.80322265625,7.139999999999892
732,0.0,15.050000190734863,0.80322265625,7.149999999999892
733,0.0,15.050000190734863,0.80322265625,7.149999999999892
734,0.0,15.050000190734863,0.80322265625,7.159999999999892
735,0.0,15.050000190734863,0.80322265625,7.159999999999892
736,0.0,15.050000190734863,0.80322265625,7.169999999999892
737,0.0,15.050000190734863,0.80322265625,7.169999999999892
738,0.0,15.050000190734863,0.80322265625,7.179999999999891
739,0.0,15.050000190734863,0.80322265625,7.179999999999891
740,0.0,15.050000190734863,0.80322265625,7.189999999999891
741,0.0,15.050000190734863,0.80322265625,7.189999999999891
742,0.0,15.050000190734863,0.80322265625,7.199999999999891
743,0.0,15.050000190734863,0.80322265625,7.199999999999891
744,0.0,15.050000190734863,0.80322265625,7.209999999999891
745,0.0,15.050000190734863,0.80322265625,7.209999999999891
746,0.0,15.050000190734863,0.80322265625,7.2199999999998905
747,0.0,15.024999618530273,0.80322265625,7.2199999999998905
748,0.0,15.024999618530273,0.80322265625,7.22999999999989
749,0.0,15.024999618530273,0.80322265625,7.22999999999989
750,0.0,15.024999618530273,0.80322265625,7.23999999999989
751,0.0,15.024999618530273,0.80322265625,7.23999999999989
752,0.0,15.024999618530273,0.80322265625,7.24999999999989
753,0.0,15.024999618530273,0.80322265625,7.24999999999989
754,0.0,15.024999618530273,0.80322265625,7.25999999999989
755,0.0,15.024999618530273,0.80322265625,7.25999999999989
756,0.0,15.024999618530273,0.80322265625,7.269999999999889
757,0.0,15.024999618530273,0.80322265625,7.269999999999889
758,0.0,15.050000190734863,0.80322265625,7.279999999999889
759,0.0,15.050000190734863,0.80322265625,7.279999999999889
760,0.0,15.050000190734863,0.80322265625,7.289999999999889
761,0.0,15.050000190734863,0.80322265625,7.289999999999889
762,0.0,15.050000190734863,0.80322265625,7.299999999999889
763,0.0,15.050000190734863,0.80322265625,7.299999999999889
764,0.0,15.050000190734863,0.80322265625,7.309999999999889
765,0.0,15.050000190734863,0.80322265625,7.319999999999888
766,0.0,15.050000190734863,0.80322265625,7.319999999999888
767,0.0,15.050000190734863,0.80322265625,7.329999999999888
768,0.0,15.050000190734863,0.80322265625,7.329999999999888
769,0.0,15.050000190734863,0.80322265625,7.339999999999888
770,0.0,15.050000190734863,0.80322265625,7.339999999999888
771,0.0,15.050000190734863,0.80322265625,7.349999999999888
772,0.0,15.050000190734863,0.80322265625,7.349999999999888
773,0.0,15.050000190734863,0.80322265625,7.3599999999998875
774,0.0,15.050000190734863,0.80322265625,7.3599999999998875
775,0.0,15.050000190734863,0.80322265625,7.369999999999887
776,0.0,15.050000190734863,0.80322265625,7.369999999999887
777,0.0,15.050000190734863,0.80322265625,7.379999999999887
778,0.0,15.050000190734863,0.80322265625,7.379999999999887
779,0.0,15.050000190734863,0.80322265625,7.389999999999887
780,0.0,15.050000190734863,0.80322265625,7.389999999999887
781,0.0,15.050000190734863,0.80322265625,7.399999999999887
782,0.0,15.050000190734863,0.80322265625,7.399999999999887
783,0.0,15.050000190734863,0.80322265625,7.4099999999998865
784,0.0,15.050000190734863,0.80322265625,7.4099999999998865
785,0.0,15.050000190734863,0.80322265625,7.419999999999886
786,0.0,15.050000190734863,0.80322265625,7.419999999999886
787,0.0,15.050000190734863,0.80322265625,7.429999999999886
788,0.0,15.050000190734863,0.80322265625,7.429999999999886
789,0.0,15.050000190734863,0.80322265625,7.439999999999886
790,0.0,15.050000190734863,0.80322265625,7.439999999999886
791,0.0,15.050000190734863,0.80322265625,7.449999999999886
792,0.0,15.050000190734863,0.80322265625,7.449999999999886
793,0.0,15.050000190734863,0.80322265625,7.459999999999885
794,0.0,15.050000190734863,0.80322265625,7.469999999999885
795,0.0,15.050000190734863,0.80322265625,7.469999999999885
796,0.0,15.050000190734863,0.80322265625,7.479999999999885
797,0.0,15.050000190734863,0.80322265625,7.489999999999885
798,0.0,15.050000190734863,0.80322265625,7.489999999999885
799,0.0,15.050000190734863,0.80322265625,7.4999999999998845
800,0.0,15.050000190734863,0.80322265625,7.4999999999998845
801,0.0,15.050000190734863,0.80322265625,7.509999999999884
802,0.0,15.050000190734863,0.80322265625,7.509999999999884
803,0.0,15.050000190734863,0.80322265625,7.519999999999884
804,0.0,15.050000190734863,0.80322265625,7.519999999999884
805,0.0,15.050000190734863,0.80322265625,7.529999999999884
806,0.0,15.050000190734863,0.80322265625,7.529999999999884
807,0.0,15.050000190734863,0.80322265625,7.539999999999884
808,0.0,15.050000190734863,0.80322265625,7.539999999999884
809,0.0,15.050000190734863,0.80322265625,7.5499999999998835
810,0.0,15.050000190734863,0.80322265625,7.5499999999998835
811,0.0,15.050000190734863,0.80322265625,7.559999999999883
812,0.0,15.050000190734863,0.80322265625,7.559999999999883
813,0.0,15.050000190734863,0.80322265625,7.569999999999883
814,0.0,15.050000190734863,0.80322265625,7.569999999999883
815,0.0,15.050000190734863,0.80322265625,7.579999999999883
816,0.0,15.050000190734863,0.80322265625,7.579999999999883
817,0.0,15.050000190734863,0.80322265625,7.589999999999883
818,0.0,15.050000190734863,0.80322265625,7.589999999999883
819,0.0,15.050000190734863,0.80322265625,7.599999999999882
820,0.0,15.050000190734863,0.80322265625,7.599999999999882
821,0.0,15.050000190734863,0.80322265625,7.609999999999882
822,0.0,15.050000190734863,0.80322265625,7.609999999999882
823,0.0,15.050000190734863,0.80322265625,7.619999999999882
824,0.0,15.050000190734863,0.80322265625,7.619999999999882
825,0.0,15.050000190734863,0.80322265625,7.629999999999882
826,0.0,15.050000190734863,0.80322265625,7.629999999999882
827,0.0,15.050000190734863,0.80322265625,7.6399999999998816
828,0.0,15.050000190734863,0.80322265625,7.6399999999998816
829,0.0,15.050000190734863,0.80322265625,7.649999999999881
830,0.0,15.050000190734863,0.80322265625,7.649999999999881
831,0.0,15.050000190734863,0.80322265625,7.659999999999881
832,0.0,15.050000190734863,0.80322265625,7.659999999999881
833,0.0,15.050000190734863,0.80322265625,7.669999999999881
834,0.0,15.050000190734863,0.80322265625,7.669999999999881
835,0.0,15.050000190734863,0.80322265625,7.679999999999881
836,0.0,15.050000190734863,0.80322265625,7.679999999999881
837,0.0,15.050000190734863,0.80322265625,7.6899999999998805
838,0.0,15.050000190734863,0.80322265625,7.6899999999998805
839,0.0,15.050000190734863,0.80322265625,7.69999999999988
840,0.0,15.050000190734863,0.80322265625,7.69999999999988
841,0.0,15.050000190734863,0.80322265625,7.70999999999988
842,0.0,15.050000190734863,0.80322265625,7.70999999999988
843,0.0,15.050000190734863,0.80322265625,7.71999999999988
844,0.0,15.050000190734863,0.80322265625,7.72999999999988
845,0.0,15.050000190734863,0.80322265625,7.72999999999988
846,0.0,15.050000190734863,0.80322265625,7.739999999999879
847,0.0,15.050000190734863,0.80322265625,7.749999999999879
848,0.0,15.050000190734863,0.80322265625,7.749999999999879
849,0.0,15.050000190734863,0.80322265625,7.759999999999879
850,0.0,15.050000190734863,0.80322265625,7.769999999999879
851,0.0,15.050000190734863,0.80322265625,7.769999999999879
852,0.0,15.050000190734863,0.80322265625,7.779999999999879
853,0.0,15.050000190734863,0.80322265625,7.779999999999879
854,0.0,15.050000190734863,0.80322265625,7.789999999999878
855,0.0,15.050000190734863,0.80322265625,7.789999999999878
856,0.0,15.050000190734863,0.80322265625,7.799999999999878
857,0.0,15.050000190734863,0.80322265625,7.799999999999878
858,0.0,15.050000190734863,0.80322265625,7.809999999999878
859,0.0,15.050000190734863,0.80322265625,7.809999999999878
860,0.0,15.050000190734863,0.80322265625,7.819999999999878
861,0.0,15.050000190734863,0.80322265625,7.819999999999878
862,0.0,15.050000190734863,0.80322265625,7.8299999999998775
863,0.0,15.050000190734863,0.80322265625,7.839999999999877
864,0.0,15.050000190734863,0.80322265625,7.839999999999877
865,0.0,15.050000190734863,0.80322265625,7.849999999999877
866,0.0,15.050000190734863,0.80322265625,7.859999999999877
867,0.0,15.050000190734863,0.80322265625,7.859999999999877
868,0.0,15.050000190734863,0.80322265625,7.869999999999877
869,0.0,15.050000190734863,0.80322265625,7.869999999999877
870,0.0,15.050000190734863,0.80322265625,7.879999999999876
871,0.0,15.050000190734863,0.80322265625,7.879999999999876
872,0.0,15.050000190734863,0.80322265625,7.889999999999876
873,0.0,15.050000190734863,0.80322265625,7.889999999999876
874,0.0,15.050000190734863,0.80322265625,7.899999999999876
875,0.0,15.024999618530273,0.80322265625,7.899999999999876
876,0.0,15.024999618530273,0.80322265625,7.909999999999876
877,0.0,15.024999618530273,0.80322265625,7.909999999999876
878,0.0,15.024999618530273,0.80322265625,7.919999999999876
879,0.0,15.024999618530273,0.80322265625,7.919999999999876
880,0.0,15.024999618530273,0.80322265625,7.929999999999875
881,0.0,15.024999618530273,0.80322265625,7.929999999999875
882,0.0,15.024999618530273,0.80322265625,7.939999999999875
883,0.0,15.024999618530273,0.80322265625,7.939999999999875
884,0.0,15.024999618530273,0.80322265625,7.949999999999875
885,0.0,15.050000190734863,0.80322265625,7.949999999999875
886,0.0,15.050000190734863,0.80322265625,7.959999999999875
887,0.0,15.050000190734863,0.80322265625,7.959999999999875
888,0.0,15.050000190734863,0.80322265625,7.9699999999998745
889,0.0,15.050000190734863,0.80322265625,7.9699999999998745
890,0.0,15.050000190734863,0.80322265625,7.979999999999874
891,0.0,15.050000190734863,0.80322265625,7.979999999999874
892,0.0,15.050000190734863,0.80322265625,7.989999999999874
893,0.0,15.050000190734863,0.80322265625,7.999999999999874
894,0.0,15.050000190734863,0.80322265625,7.999999999999874
895,0.0,15.050000190734863,0.80322265625,8.009999999999874
896,0.0,15.024999618530273,0.80322265625,8.009999999999874
897,0.0,15.024999618530273,0.80322265625,8.019999999999873
898,0.0,15.024999618530273,0.80322265625,8.029999999999873
899,0.0,15.024999618530273,0.80322265625,8.029999999999873
900,0.0,15.024999618530273,0.80322265625,8.039999999999873
901,0.0,15.024999618530273,0.80322265625,8.039999999999873
902,0.0,15.024999618530273,0.80322265625,8.049999999999873
903,0.0,15.024999618530273,0.80322265625,8.049999999999873
904,0.0,15.024999618530273,0.80322265625,8.059999999999873
905,0.0,15.024999618530273,0.80322265625,8.059999999999873
906,0.0,15.050000190734863,0.80322265625,8.069999999999872
907,0.0,15.050000190734863,0.80322265625,8.069999999999872
908,0.0,15.050000190734863,0.80322265625,8.079999999999872
909,0.0,15.050000190734863,0.80322265625,8.079999999999872
910,0.0,15.050000190734863,0.80322265625,8.089999999999872
911,0.0,15.050000190734863,0.80322265625,8.089999999999872
912,0.0,15.050000190734863,0.80322265625,8.099999999999872
913,0.0,15.050000190734863,0.80322265625,8.099999999999872
914,0.0,15.050000190734863,0.80322265625,8.109999999999872
915,0.0,15.050000190734863,0.80322265625,8.109999999999872
916,0.0,15.050000190734863,0.80322265625,8.119999999999871
917,0.0,15.050000190734863,0.80322265625,8.119999999999871
918,0.0,15.050000190734863,0.80322265625,8.129999999999871
919,0.0,15.050000190734863,0.80322265625,8.129999999999871
920,0.0,15.050000190734863,0.80322265625,8.139999999999871
921,0.0,15.050000190734863,0.80322265625,8.139999999999871
922,0.0,15.050000190734863,0.80322265625,8.14999999999987
923,0.0,15.050000190734863,0.80322265625,8.14999999999987
924,0.0,15.050000190734863,0.80322265625,8.15999999999987
925,0.0,15.050000190734863,0.80322265625,8.15999999999987
926,0.0,15.050000190734863,0.80322265625,8.16999999999987
927,0.0,15.050000190734863,0.80322265625,8.16999999999987
928,0.0,15.050000190734863,0.80322265625,8.17999999999987
929,0.0,15.050000190734863,0.80322265625,8.17999999999987
